{"graph": {"_type": "graph-file", "sha256": "da1dfd6604375c53b55793cbe8eee8173b84d8b1c81c4ad9b76ec0b744a41685", "size": 3301, "path": "media/graph/graph_summary_da1dfd6604375c53b557.graph.json"}, "epoch": 875, "_timestamp": 1662959915.508247, "_runtime": 715.2996368408203, "loss": 0.0010138745419681072, "mae": 0.011296659708023071, "val_loss": 0.00036690704291686416, "val_mae": 0.015848001465201378, "_step": 875, "best_val_loss": 9.49945897446014e-05, "best_epoch": 235}