{"graph": {"_type": "graph-file", "sha256": "c8e3abdeb4f96171198ff810aca049248c721aa80c7f2c2a7894be2527b7973a", "size": 3290, "path": "media/graph/graph_summary_c8e3abdeb4f96171198f.graph.json"}, "epoch": 195, "_timestamp": 1662953702.6993275, "_runtime": 149.41052651405334, "loss": 0.001210508169606328, "val_loss": 0.00017474984633736312, "_step": 195, "best_val_loss": 0.00012185479135951027, "best_epoch": 146, "_wandb": {"runtime": 149}}