{"graph": {"_type": "graph-file", "sha256": "c8e3abdeb4f96171198ff810aca049248c721aa80c7f2c2a7894be2527b7973a", "size": 3290, "path": "media/graph/graph_summary_c8e3abdeb4f96171198f.graph.json"}, "epoch": 2999, "_timestamp": 1662955953.773672, "_runtime": 1972.0035381317139, "loss": 0.0009992842096835375, "mae": 0.01080526877194643, "val_loss": 0.00039679836481809616, "val_mae": 0.016108641400933266, "_step": 2999, "best_val_loss": 2.0372273866087198e-05, "best_epoch": 344, "_wandb": {"runtime": 1976}}